system,seed,case,n,status,solved,first_ok
greedy,0,hqIoM,1,solved,True,True
greedy,0,k6dpr,2,solved,True,True
greedy,0,TyQfi,1,solved,True,True
greedy,0,lh6m9,2,failed,False,False
greedy,0,afUS9,1,solved,True,True
greedy,0,2fYsq,1,solved,True,False
greedy,0,VmW3s,1,solved,True,True
greedy,0,A4SSD,1,solved,True,True
greedy,0,lbYsA,1,solved,True,True
greedy,0,eeAhw,1,solved,True,True
greedy,0,Bjwtw,3,solved,True,True
greedy,0,ujt4M,2,solved,True,True
greedy,0,K6TqV,2,solved,True,True
greedy,0,XR5LT,1,solved,True,True
greedy,0,NKIvR,3,solved,True,True
greedy,0,qZiGr,1,solved,True,True
greedy,0,X6rPL,2,solved,True,True
greedy,0,DOKo1,1,solved,True,True
greedy,0,ggHID,2,failed,False,False
greedy,0,2TwW1,1,solved,True,True
greedy,0,dxy0q,1,solved,True,True
greedy,0,AYNH5,1,solved,True,True
greedy,0,r2KUG,1,solved,True,True
greedy,0,u6YDW,2,failed,False,False
greedy,0,aQXoi,2,failed,False,False
greedy,0,7Ucx1,2,failed,False,False
greedy,0,556fD,1,solved,True,True
greedy,0,D0VJR,1,solved,True,True
greedy,0,qkNI2,3,failed,False,False
greedy,0,8LWk6,1,solved,True,True
greedy,0,4fSbf,1,solved,True,True
greedy,0,whsmx,1,solved,True,True
greedy,0,fcsLs,2,failed,False,False
greedy,0,IVkAk,1,solved,True,True
greedy,0,sKHQB,2,solved,True,True
greedy,0,albPE,2,failed,False,False
greedy,0,vXiIM,2,failed,False,False
greedy,0,suxCB,2,failed,False,False
greedy,0,C151V,3,solved,True,True
greedy,0,SbU9r,2,failed,False,False
greedy,0,I26jB,2,failed,False,False
greedy,0,oppgy,1,solved,True,True
greedy,0,BB8jl,1,solved,True,True
greedy,0,W9VuK,2,failed,False,False
greedy,0,AobjA,2,solved,True,True
greedy,0,R9nbR,4,failed,False,True
greedy,0,0TyOf,1,solved,True,True
greedy,0,FUDbs,5,failed,False,True
greedy,0,891DR,1,solved,True,True
greedy,0,P3ioK,2,failed,False,False
greedy,0,SP9ub,2,solved,True,True
greedy,0,hhbSf,3,solved,True,True
greedy,0,o4YuC,2,solved,True,True
greedy,0,qaFdI,2,failed,False,False
greedy,0,uYu2z,1,solved,True,True
greedy,0,DiKTi,2,failed,False,False
greedy,0,K1xcc,2,failed,False,False
greedy,0,pjTL2,1,solved,True,True
greedy,0,ZGn4Y,1,solved,True,True
greedy,0,kEsGW,1,solved,True,True
greedy,0,FU3dp,3,solved,True,True
greedy,0,PgNHa,1,solved,True,True
greedy,0,mCD3O,2,solved,True,True
greedy,0,lR1Ch,1,solved,True,True
greedy,0,RkToJ,2,solved,True,True
greedy,0,5k7Fh,2,solved,True,True
greedy,0,ICNA0,2,solved,True,True
greedy,0,xXU0e,1,solved,True,True
greedy,0,37WT3,3,failed,False,False
greedy,0,HdZqe,1,solved,True,True
greedy,0,Q7rli,3,failed,False,True
greedy,0,9v2ib,2,solved,True,True
greedy,0,QTQbI,1,solved,True,True
greedy,0,lUAza,2,failed,False,False
greedy,0,9RL87,2,solved,True,True
greedy,0,N6oJK,2,failed,False,False
greedy,0,R0NAX,1,solved,True,True
greedy,0,WDvdd,2,solved,True,True
greedy,0,cljRD,2,solved,True,True
greedy,0,Prbnl,1,solved,True,True
greedy,0,AcIoO,2,failed,False,False
greedy,0,N7p9r,2,solved,True,True
greedy,0,LRl9k,1,solved,True,True
greedy,0,wdUVx,2,failed,False,False
greedy,0,D6Kkv,1,solved,True,True
greedy,0,aewA4,2,solved,True,True
greedy,0,ovBcf,2,solved,True,True
greedy,0,PjdmG,1,solved,True,True
greedy,0,rGV71,1,solved,True,True
greedy,0,ON3Kf,2,failed,False,False
greedy,0,6LtSH,2,failed,False,False
greedy,0,zYLh3,1,solved,True,True
greedy,0,M8GeZ,2,failed,False,False
greedy,0,CXelK,2,solved,True,True
greedy,0,9LZ3U,3,solved,True,True
greedy,0,OhIcy,1,solved,True,True
greedy,0,aqEaD,3,failed,False,False
greedy,0,Y7NgO,3,failed,False,False
greedy,0,5LaYP,2,failed,False,False
greedy,0,jks1R,2,solved,True,True
greedy,0,rfydj,2,failed,False,False
greedy,0,I240S,1,solved,True,True
greedy,0,YhMcy,2,solved,True,True
greedy,0,rW7nv,2,solved,True,True
greedy,0,AeUbM,2,solved,True,True
greedy,0,SQgg8,1,solved,True,True
greedy,0,mwg1y,4,failed,False,False
greedy,0,7OsyB,2,failed,False,False
greedy,0,5mlgE,2,failed,False,False
greedy,0,h3Lp3,2,failed,False,False
greedy,0,C0HGb,2,failed,False,False
greedy,0,RYVDe,2,solved,True,True
greedy,0,sCRZa,3,failed,False,False
greedy,0,mn0py,1,solved,True,True
greedy,0,jbgxG,3,failed,False,True
greedy,0,wY0ck,2,failed,False,False
greedy,0,ymsSe,3,failed,False,True
greedy,0,O2QMj,2,failed,False,False
greedy,0,XRKFi,3,solved,True,True
greedy,0,gMpO0,1,solved,True,True
greedy,0,Nt4a1,1,solved,True,True
greedy,0,6Fk2R,2,solved,True,True
greedy,0,cADfn,2,solved,True,True
greedy,0,AKlb4,2,solved,True,True
greedy,0,Vptjp,1,solved,True,True
greedy,0,UWrxT,1,solved,True,True
greedy,0,WMgW7,3,failed,False,True
greedy,0,54Pcp,2,failed,False,False
greedy,0,lDlWS,3,failed,False,False
greedy,0,24zdl,1,solved,True,True
greedy,0,y97oA,2,failed,False,False
greedy,0,1yfsa,2,failed,False,False
greedy,0,hqhZp,3,solved,True,True
greedy,0,8ixfI,2,failed,False,False
greedy,0,eABG8,1,solved,True,True
greedy,0,mwVmn,2,solved,True,True
greedy,0,jbF3R,4,failed,False,False
greedy,0,3himt,2,solved,True,True
greedy,0,aZW7R,3,solved,True,True
greedy,0,M9HjN,1,solved,True,True
greedy,0,DQjJH,1,solved,True,True
greedy,0,wy8aP,1,solved,True,True
greedy,0,8FXQx,2,failed,False,False
greedy,0,IS8Wv,3,solved,True,True
greedy,0,BTlQJ,2,failed,False,False
greedy,0,11Xl6,1,solved,True,True
greedy,0,tuqMX,3,failed,False,True
greedy,0,ZJb73,2,solved,True,True
greedy,0,uaGZk,1,solved,True,True
greedy,0,JcEph,3,failed,False,True
greedy,0,lxXLD,2,failed,False,False
greedy,0,IRN5e,1,solved,True,True
greedy,0,dOXsp,1,solved,True,True
greedy,0,ZUWtt,3,failed,False,False
greedy,0,4KjKs,1,solved,True,True
greedy,0,CfKgq,2,failed,False,False
greedy,0,KH78K,2,failed,False,False
greedy,0,qwodg,2,failed,False,False
greedy,0,YUH9Q,1,solved,True,True
greedy,0,a4zeM,4,failed,False,False
greedy,0,TCEyG,2,failed,False,False
greedy,0,f3jwf,2,solved,True,True
greedy,0,qNhbF,3,failed,False,True
greedy,0,x0jFP,2,failed,False,False
greedy,0,i4ENZ,3,failed,False,False
greedy,0,PtZsv,2,failed,False,False
greedy,0,HvMnE,2,solved,True,True
greedy,0,5HceD,2,failed,False,False
greedy,0,AeY7B,2,solved,True,True
greedy,0,mOM2L,1,solved,True,True
greedy,0,PKNgE,1,solved,True,True
greedy,0,DM5OK,2,solved,True,True
greedy,0,QaTBd,1,solved,True,True
greedy,0,iepMy,2,solved,True,True
greedy,0,DUHs5,1,solved,True,True
greedy,0,rBDof,2,solved,True,True
greedy,0,l6Kvs,1,solved,True,True
greedy,0,dpWj7,1,solved,True,True
greedy,0,EDcEo,2,solved,True,True
greedy,0,duwNx,2,failed,False,False
greedy,0,oN5X9,2,solved,True,True
greedy,0,giysy,2,solved,True,True
greedy,0,4nUz6,2,solved,True,True
greedy,0,OqiEo,3,failed,False,True
greedy,0,O3zKp,3,failed,False,True
greedy,0,oddiT,2,failed,False,False
greedy,0,K0nDx,2,failed,False,False
greedy,0,6OXTJ,1,solved,True,False
greedy,0,okIau,1,solved,True,True
greedy,0,aKdQx,2,solved,True,True
greedy,0,Ci1ei,4,failed,False,False
greedy,0,5h4cd,2,solved,True,True
greedy,0,Sx3Uj,2,failed,False,False
greedy,0,hQpfH,4,failed,False,False
greedy,0,zIj73,1,solved,True,True
greedy,0,ICWp6,2,failed,False,False
greedy,0,0DYF0,1,solved,True,True
greedy,0,om3XR,1,solved,True,True
greedy,0,9QAcc,3,failed,False,False
greedy,0,OWKQ3,3,failed,False,False
greedy,0,GoTJy,1,solved,True,True
greedy,0,7Iha7,2,solved,True,True
greedy,0,GrSXs,1,solved,True,True
greedy,0,b6uPl,1,solved,True,True
greedy,0,wDmxs,3,solved,True,True
greedy,0,iNuEI,2,failed,False,False
greedy,0,xLnum,2,failed,False,False
greedy,0,4k6AO,2,failed,False,False
greedy,0,3JoDy,1,solved,True,True
greedy,0,XVp5w,1,solved,True,True
greedy,0,KZjas,1,solved,True,True
greedy,0,9Jpq0,1,solved,True,True
greedy,0,2hIXp,2,solved,True,True
greedy,0,yThwa,2,solved,True,True
greedy,0,8vzsS,2,failed,False,False
greedy,0,V5TwO,2,solved,True,True
greedy,0,IaUQu,2,failed,False,False
greedy,0,9BDr3,3,failed,False,False
greedy,0,SQz5N,2,failed,False,False
greedy,0,yjspP,2,failed,False,False
greedy,0,W3TgF,1,solved,True,True
greedy,0,827li,2,failed,False,False
greedy,0,p7QbV,1,solved,True,True
greedy,0,ivwub,2,failed,False,False
greedy,0,xetqG,1,solved,True,True
greedy,0,Msiau,2,solved,True,True
greedy,0,JDC1l,2,failed,False,False
greedy,0,UTdcK,1,solved,True,True
greedy,0,huc0d,1,solved,True,True
greedy,0,lfySZ,2,solved,True,True
greedy,0,YaEzG,2,failed,False,False
greedy,0,nFwPL,1,solved,True,True
greedy,0,G2KkV,3,failed,False,False
greedy,0,SkqW5,1,solved,True,True
greedy,0,eovaS,3,failed,False,True
greedy,0,fUlaZ,2,failed,False,False
greedy,0,1fZTC,2,solved,True,True
greedy,0,EEXmu,3,failed,False,True
greedy,0,qWlsh,1,solved,True,True
greedy,0,q0paG,2,failed,False,False
greedy,0,TYdr2,1,solved,True,True
greedy,0,a5ozU,1,solved,True,True
greedy,0,QLBAg,2,failed,False,False
greedy,0,eei8y,2,failed,False,False
greedy,0,GhGXq,2,solved,True,True
greedy,0,tvUBH,2,solved,True,True
greedy,0,1jiv2,2,failed,False,False
greedy,0,AapBt,1,solved,True,True
greedy,0,MXYI8,2,solved,True,True
greedy,0,A2xeZ,1,solved,True,True
greedy,0,OiuCc,1,solved,True,True
greedy,0,GVepH,2,failed,False,False
greedy,0,T9Vbs,1,solved,True,True
greedy,0,mCTtL,2,solved,True,True
greedy,0,llvLC,2,failed,False,False
greedy,0,PyJyb,2,failed,False,False
greedy,0,6Mh5o,2,failed,False,False
greedy,0,2A2zz,2,failed,False,False
greedy,0,gDyew,2,failed,False,False
greedy,0,7ofzl,2,solved,True,True
greedy,0,tsL31,1,solved,True,True
greedy,0,6MkYR,3,failed,False,False
greedy,0,5xLiE,1,solved,True,True
greedy,0,jHUiB,1,solved,True,True
greedy,0,NrNIt,2,failed,False,False
greedy,0,QmnyR,3,solved,True,True
greedy,0,JReTK,4,failed,False,False
greedy,0,7Wa0y,2,solved,True,True
greedy,0,My1Ts,1,solved,True,True
greedy,0,WNVP9,3,failed,False,True
greedy,0,CYEq0,3,failed,False,False
greedy,0,D0YsM,2,failed,False,False
greedy,0,nfyqk,1,solved,True,True
greedy,0,7KZt5,2,solved,True,True
greedy,0,0RXFe,1,solved,True,True
greedy,0,Uv56L,2,failed,False,False
greedy,0,1DZCV,2,failed,False,False
greedy,0,YYMmo,2,solved,True,True
greedy,0,pWmaP,2,failed,False,False
greedy,0,8Eaxa,1,solved,True,True
greedy,0,cfo50,1,solved,True,True
greedy,0,6iVFf,2,solved,True,True
greedy,0,XRhTS,1,solved,True,True
greedy,0,aAsR7,1,solved,True,True
greedy,0,WAoam,1,solved,True,True
greedy,0,Hpdzj,1,solved,True,True
greedy,0,sbwKs,3,solved,True,True
greedy,0,jtJog,2,failed,False,False
greedy,0,XPedG,1,solved,True,True
greedy,0,8Kinj,2,solved,True,True
greedy,0,VHzhe,3,failed,False,False
greedy,0,TcPki,2,failed,False,False
greedy,0,ikOoD,2,failed,False,False
greedy,0,pHbUy,2,solved,True,True
greedy,0,pzcAJ,3,failed,False,False
greedy,0,fEC86,1,solved,True,True
greedy,0,TX2F1,1,solved,True,True
greedy,0,4eBQg,1,solved,True,True
greedy,0,ygZv5,2,solved,True,True
greedy,0,u86DF,1,solved,True,True
greedy,0,log7U,3,solved,True,True
greedy,0,6YyWL,1,solved,True,True
greedy,0,JbfQP,1,solved,True,True
greedy,0,VdCgp,2,failed,False,False
greedy,0,zim1D,1,solved,True,True
greedy,0,E3FRr,2,solved,True,True
greedy,0,suM2l,2,solved,True,True
greedy,0,cqWYR,1,solved,True,True
greedy,0,yRAlo,1,solved,True,True
greedy,0,DmRGe,1,solved,True,True
greedy,0,gF1ex,1,solved,True,True
greedy,0,thCqS,2,failed,False,False
greedy,0,5k5WX,2,failed,False,False
greedy,0,o8EWD,1,solved,True,True
greedy,0,RmoeX,3,failed,False,True
greedy,0,hqi90,3,failed,False,True
greedy,0,vSbAY,3,failed,False,True
greedy,0,T7KKz,3,failed,False,True
greedy,0,mhb0X,1,solved,True,True
greedy,0,SpitR,2,solved,True,True
greedy,0,LGjMw,2,solved,True,True
greedy,0,KcZy8,2,solved,True,True
greedy,0,72vv6,1,solved,True,True
greedy,0,FhX06,1,solved,True,True
greedy,0,ZuDr7,2,failed,False,False
greedy,0,rb7IX,1,solved,True,True
greedy,0,cAfHf,1,solved,True,True
greedy,0,lBM25,2,failed,False,False
greedy,0,Qb4i9,2,failed,False,False
greedy,0,w4rqO,1,solved,True,True
greedy,0,cfXhk,2,solved,True,True
greedy,0,CpZxv,1,solved,True,True
greedy,0,IaNfl,2,failed,False,False
greedy,0,viv5R,2,failed,False,False
greedy,0,fZHhN,2,solved,True,True
greedy,0,y5Xa1,2,failed,False,False
greedy,0,uOBMr,2,failed,False,False
greedy,0,NFwzR,1,solved,True,True
greedy,0,EZ8tJ,2,failed,False,False
greedy,0,emjUY,2,failed,False,False
greedy,0,HAodT,2,failed,False,False
greedy,0,6RM0c,2,solved,True,True
greedy,0,8MLCn,2,solved,True,True
greedy,0,4fS3J,1,solved,True,True
greedy,0,WqzRf,4,failed,False,False
greedy,0,y6AtZ,1,solved,True,True
greedy,0,8GKHU,2,solved,True,True
greedy,0,0NG5N,1,solved,True,True
greedy,0,I2QX5,2,failed,False,False
greedy,0,mfJPQ,1,solved,True,True
greedy,0,T7pUe,2,failed,False,False
greedy,0,X6EyY,2,solved,True,True
greedy,0,JNvJo,2,failed,False,False
greedy,0,muY2e,1,solved,True,True
greedy,0,nPnkc,1,solved,True,True
greedy,0,rnAbM,2,failed,False,False
greedy,0,XlU3b,2,solved,True,True
greedy,0,BKyD2,2,failed,False,False
greedy,0,sHel1,3,failed,False,False
greedy,0,BBrYh,2,solved,True,True
greedy,0,LMZyj,1,solved,True,True
greedy,0,NqWAR,2,failed,False,False
greedy,0,SRg1e,1,solved,True,True
greedy,0,fWkuU,1,solved,True,True
greedy,0,vCNA0,2,failed,False,False
greedy,0,7q8bV,1,solved,True,True
greedy,0,zQnK4,1,solved,True,True
greedy,0,d5nDU,2,solved,True,True
greedy,0,9Poz4,1,solved,True,True
greedy,0,g4MHS,2,solved,True,True
greedy,0,w9AgU,3,failed,False,False
greedy,0,lolvy,4,failed,False,True
greedy,0,bJbjR,4,solved,True,True
greedy,0,4xWH0,2,failed,False,False
greedy,0,ZwTGZ,1,solved,True,True
greedy,0,WdEJ8,1,solved,True,True
greedy,0,P27V2,1,solved,True,True
greedy,0,4UcY2,1,solved,True,True
greedy,0,2TkUE,1,solved,True,True
greedy,0,i2NNB,1,solved,True,True
greedy,0,HT7S9,2,failed,False,False
greedy,0,gMr4N,3,failed,False,False
greedy,0,d9814,2,failed,False,False
greedy,0,dYLUy,2,failed,False,False
greedy,0,S3ygv,2,solved,True,True
greedy,0,8AS0L,1,solved,True,True
greedy,0,NgZsP,1,solved,True,True
greedy,0,FRmo7,1,solved,True,True
greedy,0,qZFcI,2,solved,True,True
greedy,0,T0UO8,1,solved,True,True
greedy,0,OTNyh,1,solved,True,True
greedy,0,RMNaD,2,failed,False,False
greedy,0,uYNZq,2,solved,True,True
greedy,0,2J0BX,2,solved,True,True
greedy,0,YuFPl,1,solved,True,True
greedy,0,4FwTX,1,solved,True,True
greedy,0,DN51o,1,solved,True,True
greedy,0,JOFyZ,2,failed,False,False
greedy,0,q3YGy,1,solved,True,True
greedy,0,1hxX8,1,solved,True,True
greedy,0,KXLGy,1,solved,True,True
greedy,0,DZy56,1,solved,True,True
greedy,0,3tUpl,1,solved,True,True
greedy,0,3jyK4,3,failed,False,False
greedy,0,HzgIr,1,solved,True,True
greedy,0,ccbod,1,solved,True,True
greedy,0,0wLoE,2,solved,True,True
greedy,0,mfbdl,3,failed,False,True
greedy,0,KQy1o,3,solved,True,True
greedy,0,2sNJQ,1,solved,True,True
greedy,0,Lv6Df,1,solved,True,True
greedy,0,1c6Nr,3,failed,False,False
greedy,0,I9Wne,1,solved,True,True
greedy,0,rC8Qy,2,solved,True,True
greedy,0,GcxoY,1,solved,True,True
greedy,0,LSevr,2,failed,False,False
greedy,0,1bd0m,2,solved,True,True
greedy,0,HAmyW,1,solved,True,True
greedy,0,a6egW,2,failed,False,False
greedy,0,pBrfK,2,solved,True,True
greedy,0,QMZ1H,2,failed,False,False
greedy,0,qSSE2,1,solved,True,True
greedy,0,PhBmK,3,failed,False,False
greedy,0,q8ppP,1,solved,True,True
greedy,0,HVA4K,1,solved,True,True
greedy,0,b9Zm9,1,solved,True,True
greedy,0,vmhFW,1,solved,True,True
greedy,0,UJmc3,2,failed,False,False
greedy,0,Yq5qy,2,solved,True,True
greedy,0,SIfZD,1,solved,True,True
greedy,0,NJAzn,1,solved,True,True
greedy,0,dXGD1,3,failed,False,True
greedy,0,2GxzK,2,solved,True,True
greedy,0,pEX7G,2,solved,True,True
greedy,0,2wtKU,1,solved,True,True
greedy,0,TIiy5,3,failed,False,False
greedy,0,yhtQE,1,solved,True,True
greedy,0,9uFnv,2,failed,False,False
greedy,0,pEtON,2,failed,False,False
greedy,0,g7f71,1,solved,True,True
greedy,0,Jx9zz,3,failed,False,True
greedy,0,S3wxR,2,failed,False,False
greedy,0,CZexk,2,solved,True,True
greedy,0,nk9f8,1,solved,True,True
greedy,0,BpNIo,1,solved,True,True
greedy,0,5hW1E,2,failed,False,False
greedy,0,8oSPA,2,failed,False,False
greedy,0,pj035,1,solved,True,True
greedy,0,cNyG3,2,failed,False,False
greedy,0,MUEPn,2,solved,True,True
greedy,0,rfDaz,2,failed,False,False
greedy,0,AMvpD,3,failed,False,False
greedy,0,84Jz9,2,failed,False,False
greedy,0,gmFzR,2,solved,True,True
greedy,0,fiqAX,2,failed,False,False
greedy,0,cOlXB,2,solved,True,True
greedy,0,V6xxe,2,solved,True,True
greedy,0,BGnUV,2,solved,True,True
greedy,0,pFQfC,2,solved,True,True
greedy,0,BhONs,1,solved,True,True
greedy,0,d7fi5,1,solved,True,True
greedy,0,KQmRx,2,solved,True,True
greedy,0,2ENRv,1,solved,True,True
greedy,0,c2Fhq,1,solved,True,True
greedy,0,K1zvZ,2,solved,True,True
greedy,0,TbK53,2,failed,False,False
greedy,0,LHa1p,1,solved,True,True
greedy,0,w7ce2,3,solved,True,True
greedy,0,wVW1c,2,solved,True,True
greedy,0,d67uH,2,solved,True,True
greedy,0,9cAcu,2,failed,False,False
greedy,0,1bKQj,1,solved,True,True
greedy,0,QWxHM,1,solved,True,True
greedy,0,HSyMs,2,solved,True,True
greedy,0,xCXFq,2,solved,True,True
greedy,0,lEWlo,2,failed,False,False
greedy,0,Zc5Jx,1,solved,True,True
greedy,0,0hJ4j,1,solved,True,True
greedy,0,siJUX,2,failed,False,False
greedy,0,fNkNF,1,solved,True,True
greedy,0,tuRUi,2,failed,False,False
greedy,0,bdVoE,3,solved,True,True
greedy,0,3u6vR,2,failed,False,False
greedy,0,m25hU,1,solved,True,True
greedy,0,fu3FT,2,solved,True,True
greedy,0,9IFaH,2,failed,False,False
greedy,0,tC3v9,1,solved,True,True
greedy,0,tpneB,1,solved,True,True
greedy,0,98IkQ,2,solved,True,True
greedy,0,iyKOK,2,solved,True,True
greedy,0,sMZlk,2,failed,False,False
greedy,0,7qbwG,1,solved,True,True
greedy,0,brEWJ,1,solved,True,True
greedy,0,ebcvS,2,failed,False,False
greedy,0,DsxhC,1,solved,True,True
greedy,0,zxL1K,2,failed,False,False
greedy,0,WXxjR,2,solved,True,True
greedy,0,Z2GWw,2,failed,False,False
greedy,0,YkaBf,2,solved,True,True
greedy,0,SJ66l,1,solved,True,True
greedy,0,vbAzV,2,failed,False,False
greedy,0,zEtfQ,2,failed,False,False
greedy,0,Opm7m,1,solved,True,True
greedy,0,FQrO9,2,failed,False,False
greedy,0,qWF5J,1,solved,True,True
greedy,0,oMtRl,1,solved,True,True
greedy,0,CylTZ,2,failed,False,False
greedy,0,jNgeI,2,failed,False,False
greedy,0,18sGF,2,failed,False,False
greedy,0,adM06,1,solved,True,True
greedy,0,tYopO,5,failed,False,False
greedy,0,4rFfB,3,failed,False,True
greedy,0,3kkne,1,solved,True,True
greedy,0,yfjHN,1,solved,True,True
greedy,0,5x2V7,2,solved,True,True
greedy,0,uzcbe,2,solved,True,True
greedy,0,Q9Jfa,2,failed,False,False
greedy,0,OytOw,2,solved,True,True
greedy,0,6DH9Z,2,failed,False,False
greedy,0,7BrGj,1,solved,True,True
greedy,0,NtOqK,1,solved,True,True
greedy,0,jGmSM,3,failed,False,False
greedy,0,dpXfT,2,solved,True,True
greedy,0,oR6nF,2,solved,True,True
greedy,0,vEWpq,2,failed,False,False
greedy,0,o5psP,1,solved,True,True
greedy,0,8N06a,2,solved,True,True
greedy,0,OgTJt,2,failed,False,False
greedy,0,3j4wa,2,solved,True,True
greedy,0,oyXcX,2,solved,True,True
greedy,0,ZYfgb,1,solved,True,True
greedy,0,2jn63,2,solved,True,True
greedy,0,iSVJg,1,solved,True,True
greedy,0,X33Gm,1,solved,True,True
greedy,0,cQ6VM,2,failed,False,False
greedy,0,WNPIq,2,solved,True,True
greedy,0,JRdGR,1,solved,True,True
greedy,0,PqH9y,2,failed,False,False
greedy,0,HtgzO,2,failed,False,False
greedy,0,cV4qK,1,solved,True,True
greedy,0,7NyCu,2,failed,False,False
greedy,0,VcBNU,2,solved,True,True
greedy,0,bPBjm,2,failed,False,False
greedy,0,3lGMT,2,solved,True,True
greedy,0,4AygM,3,failed,False,True
greedy,0,75Mc8,3,failed,False,False
greedy,0,9SiwC,2,solved,True,True
greedy,0,pYLKe,3,solved,True,True
greedy,0,CQKT6,1,solved,True,True
greedy,0,u5KZ4,1,solved,True,True
greedy,0,fGlfn,2,solved,True,True
greedy,0,9hMzF,2,solved,True,True
greedy,0,b5Pi9,1,solved,True,True
greedy,0,HrYaa,2,solved,True,True
greedy,0,oO0ie,1,solved,True,True
greedy,0,zAlr5,1,solved,True,True
greedy,0,XjFiT,2,solved,True,True
greedy,0,pWBif,2,solved,True,True
greedy,0,XdaI5,1,solved,True,True
greedy,0,jgJve,2,failed,False,False
greedy,0,INaqh,1,solved,True,True
greedy,0,nonsf,1,solved,True,True
greedy,0,IaoWt,2,failed,False,False
greedy,0,JsneM,2,solved,True,True
greedy,0,vOBQw,1,solved,True,True
greedy,0,lrOlr,2,solved,True,True
greedy,0,mqF7Z,1,solved,True,True
greedy,0,GHceJ,2,failed,False,False
greedy,0,DD4x1,1,solved,True,True
greedy,0,bpnMU,3,failed,False,False
greedy,0,unnAU,2,failed,False,False
greedy,0,c63Ou,1,solved,True,True
greedy,0,vyIM8,1,solved,True,True
greedy,0,fqHBM,3,failed,False,True
greedy,0,lihGw,1,solved,True,True
greedy,0,80pGZ,1,solved,True,True
greedy,0,u6Vpo,1,solved,True,True
greedy,0,xE9Cz,2,failed,False,False
greedy,0,aeRuh,1,solved,True,True
greedy,0,gcIgU,1,solved,True,True
greedy,0,n3eMx,3,failed,False,False
greedy,0,cTjG0,2,failed,False,False
greedy,0,GOriB,3,failed,False,False
greedy,0,xmFMJ,1,solved,True,True
greedy,0,yjFng,1,solved,True,True
greedy,0,khaFI,1,solved,True,True
greedy,0,N7rG6,3,failed,False,True
greedy,0,LqfWI,1,solved,True,True
greedy,0,xDrzD,3,solved,True,True
greedy,0,MoUz0,1,solved,True,True
greedy,0,1fU15,2,failed,False,False
greedy,0,U0mYq,2,solved,True,True
greedy,0,GM8Ai,1,solved,True,True
greedy,0,01aBw,2,failed,False,False
greedy,0,RQzog,1,solved,True,True
greedy,0,N7eWC,2,solved,True,True
greedy,0,JYtiY,1,solved,True,True
greedy,0,6gnnQ,1,solved,True,True
greedy,0,IL9m1,2,failed,False,False
greedy,0,JVIRC,1,solved,True,True
greedy,0,CNZ8d,1,solved,True,True
greedy,0,hwYAn,2,failed,False,False
greedy,0,47pvu,2,solved,True,True
greedy,0,9d6BV,2,failed,False,False
greedy,0,asDEl,2,solved,True,True
greedy,0,UiCQ6,2,solved,True,True
greedy,0,Kgr7k,2,solved,True,True
greedy,0,RzFSX,1,solved,True,True
greedy,0,ksU7D,2,failed,False,False
greedy,0,Pzocm,2,failed,False,False
greedy,0,Ytw4u,2,solved,True,True
greedy,0,ZMNm9,1,solved,True,True
greedy,0,kd3Nc,2,failed,False,False
greedy,0,lLwtd,2,solved,True,True
greedy,0,QtKhC,3,solved,True,True
greedy,0,UrL77,1,solved,True,True
greedy,0,tL0m9,4,failed,False,True
greedy,0,u680L,2,solved,True,True
greedy,0,Cb4j3,1,solved,True,True
greedy,0,Iq7BK,1,solved,True,True
greedy,0,xPYWC,2,solved,True,True
greedy,0,0uPqG,1,solved,True,True
greedy,0,gtKWK,1,solved,True,True
greedy,0,hElpR,1,solved,True,True
greedy,0,zJpGU,1,solved,True,True
greedy,0,x4Pao,2,failed,False,False
greedy,0,3FmCV,2,failed,False,False
greedy,0,RgFev,3,failed,False,False
greedy,0,gb4j4,3,solved,True,True
greedy,0,rDudu,3,failed,False,False
greedy,0,w0LcZ,2,solved,True,True
greedy,0,97ycS,2,failed,False,False
greedy,0,S1f8B,3,failed,False,False
greedy,0,ZM7hc,1,solved,True,True
greedy,0,0ta1H,2,solved,True,True
greedy,0,1gHZ8,1,solved,True,True
greedy,0,hmC8y,1,solved,True,True
greedy,0,zasCs,1,solved,True,True
greedy,0,PaCkV,1,solved,True,True
greedy,0,VXVy7,3,failed,False,True
greedy,0,mCcVd,1,solved,True,True
greedy,0,K81Zg,1,solved,True,True
greedy,0,yPUY1,1,solved,True,True
greedy,0,CsAKg,1,solved,True,True
greedy,0,bvnXU,3,solved,True,True
greedy,0,xRsBS,1,solved,True,True
greedy,0,R8Ms9,3,solved,True,True
greedy,0,0Maij,1,solved,True,True
greedy,0,5sf9n,3,failed,False,False
greedy,0,Xt5ry,1,solved,True,True
greedy,0,zv96X,3,solved,True,True
greedy,0,V442v,1,solved,True,True
greedy,0,QDYdm,1,solved,True,True
greedy,0,pL4u3,1,solved,True,True
greedy,0,oiOv0,3,failed,False,False
greedy,0,ZJ9Fh,1,solved,True,True
greedy,0,R1yG4,1,solved,True,True
greedy,0,UmggE,1,solved,True,True
greedy,0,BI5ga,1,solved,True,True
greedy,0,cqVwG,1,solved,True,True
greedy,0,J9qad,1,solved,True,False
greedy,0,sVEoy,1,solved,True,True
greedy,0,ye7Xd,1,solved,True,True
greedy,0,gm9lv,1,solved,True,True
greedy,0,Zq9Kl,1,solved,True,True
greedy,0,l0Hh6,4,failed,False,False
greedy,0,5x1mm,1,solved,True,True
greedy,0,nl3Ay,3,failed,False,False
greedy,0,DwTQY,1,solved,True,True
greedy,0,36iXM,1,solved,True,True
greedy,0,QLiGo,1,solved,True,True
greedy,0,xRb4y,1,solved,True,True
greedy,0,wJKzP,1,solved,True,True
greedy,0,oPpl1,1,solved,True,True
greedy,0,FX6FI,3,failed,False,False
greedy,0,MZxtE,1,solved,True,True
greedy,0,LPkIe,3,failed,False,False
greedy,0,RWOSs,1,solved,True,True
greedy,0,tubIf,3,solved,True,True
greedy,0,XlHEZ,1,solved,True,True
greedy,0,YToma,4,failed,False,False
greedy,0,0t9e4,1,solved,True,True
greedy,0,StvCF,1,solved,True,True
greedy,0,uRlBj,1,solved,True,True
greedy,0,mb3nO,1,solved,True,True
greedy,0,AsDHq,1,solved,True,True
greedy,0,TZU3m,1,solved,True,True
greedy,0,dw70h,1,solved,True,True
greedy,0,iTzTt,4,solved,True,True
greedy,0,z0JEX,3,failed,False,False
greedy,0,EugGr,1,solved,True,True
greedy,0,Z44TU,1,solved,True,True
greedy,0,yvwfq,1,solved,True,True
greedy,0,lfbkp,1,solved,True,True
greedy,0,am3XH,1,solved,True,False
greedy,0,sBSQY,3,solved,True,True
greedy,0,56uJi,3,failed,False,False
greedy,0,iEto3,1,solved,True,False
greedy,0,i3brm,3,failed,False,False
greedy,0,Kfcvd,3,failed,False,False
greedy,0,3sb56,1,solved,True,True
greedy,0,402ut,1,solved,True,True
greedy,0,YnIrF,1,solved,True,True
greedy,0,YfV9C,3,solved,True,True
greedy,0,boBB1,3,failed,False,False
greedy,0,P0wm9,1,solved,True,True
greedy,0,68HOL,1,solved,True,True
greedy,0,IPgOY,1,solved,True,True
greedy,0,3vecy,1,solved,True,True
greedy,0,CdXNO,3,failed,False,False
greedy,0,JHAIs,3,failed,False,True
greedy,0,EWI0q,3,failed,False,True
greedy,0,Z6fPx,3,failed,False,False
greedy,0,QPXd5,3,failed,False,False
greedy,0,r1KhN,4,failed,False,False
greedy,0,G1aDi,3,failed,False,False
greedy,0,U67JB,3,failed,False,False
greedy,0,FcRoy,3,failed,False,False
greedy,0,XUX5u,3,solved,True,True
greedy,0,ZZSps,3,failed,False,True
greedy,0,Ro4Vv,3,failed,False,False
greedy,0,pDqdx,4,failed,False,True
greedy,0,KlxPI,3,solved,True,True
greedy,0,po6BO,3,failed,False,False
greedy,0,atTVW,3,solved,True,True
greedy,0,68s2M,3,failed,False,False
greedy,0,1R86j,4,failed,False,False
greedy,0,UdV0q,3,solved,True,True
greedy,0,XABtp,3,solved,True,True
greedy,0,v7ZTF,5,failed,False,False
greedy,0,EPBo8,3,failed,False,True
greedy,0,FlW2B,3,solved,True,True
greedy,0,yLSzD,3,failed,False,False
greedy,0,ZBNw3,3,failed,False,False
greedy,0,kPXcy,3,failed,False,False
greedy,0,thruK,3,solved,True,True
greedy,0,KxkOf,5,failed,False,True
greedy,0,crSvA,4,failed,False,False
greedy,0,2vRoq,3,solved,True,True
greedy,0,KHiD0,3,failed,False,False
greedy,0,gu9V9,3,solved,True,True
greedy,0,y26Rh,3,failed,False,True
greedy,0,f17tO,3,failed,False,False
greedy,0,ibEyB,3,failed,False,False
greedy,0,XRWAO,3,failed,False,True
greedy,0,EbUQ9,3,failed,False,True
greedy,0,dTJ0B,4,failed,False,False
greedy,0,b15gx,4,failed,False,True
greedy,0,rORau,3,failed,False,False
greedy,0,DoDFj,3,solved,True,True
greedy,0,JiUAY,5,failed,False,False
greedy,0,hy4Bi,3,solved,True,True
greedy,0,XxF57,3,solved,True,True
greedy,0,P1798,3,solved,True,True
greedy,0,o5u2i,3,solved,True,True
greedy,0,ta5gD,3,failed,False,False
greedy,0,OBQsv,4,failed,False,False
greedy,0,UF41E,4,failed,False,True
greedy,0,iS3zS,3,failed,False,True
greedy,0,oGUiF,3,failed,False,False
greedy,0,b4l4V,3,failed,False,True
greedy,0,pgqty,3,solved,True,True
greedy,0,OmBUM,4,solved,True,True
greedy,0,IJWL5,3,failed,False,True
greedy,0,VPoqh,3,failed,False,True
greedy,0,F1Yvp,3,solved,True,True
greedy,0,zwRur,3,solved,True,True
greedy,0,JG4pb,4,failed,False,True
greedy,0,hKyz8,3,failed,False,False
greedy,0,Z33tV,3,solved,True,True
greedy,0,6xRDT,3,failed,False,True
greedy,0,2kIXc,3,failed,False,False
greedy,0,WaSz7,3,failed,False,False
greedy,0,xtvxQ,3,failed,False,True
greedy,0,Xwnwn,3,failed,False,False
greedy,0,o9oO0,3,solved,True,True
greedy,0,Sy7OK,4,failed,False,True
greedy,0,aiNe0,3,failed,False,True
greedy,0,tHZ7Z,3,failed,False,False
greedy,0,s0JkS,3,failed,False,False
greedy,0,VRXRC,3,failed,False,False
greedy,0,pls52,4,failed,False,False
greedy,0,M2JSe,3,solved,True,True
greedy,0,qhh0Y,3,failed,False,False
greedy,0,y7IOM,4,failed,False,False
greedy,0,42o6C,3,solved,True,True
greedy,0,E6bgX,3,solved,True,True
greedy,0,KRm9H,3,failed,False,False
greedy,0,8w6Pt,4,failed,False,False
greedy,0,YTlwl,3,failed,False,False
greedy,0,XoVvb,4,solved,True,True
greedy,0,qQ4CH,3,solved,True,True
greedy,0,TX64q,3,failed,False,False
greedy,0,biz3x,3,failed,False,False
greedy,0,1LTmC,5,failed,False,True
greedy,0,m996n,3,solved,True,True
greedy,0,1OcBI,3,failed,False,False
greedy,0,zDiH9,3,failed,False,True
greedy,0,hp85I,3,failed,False,True
greedy,0,hzX00,3,failed,False,False
greedy,0,aPA2a,3,failed,False,False
greedy,0,TCjp9,4,failed,False,True
greedy,0,5ZD7L,3,failed,False,True
greedy,0,SPRzX,3,failed,False,True
greedy,0,YsOKM,3,failed,False,True
greedy,0,Wxr6O,3,solved,True,True
greedy,0,3BgKn,3,failed,False,False
greedy,0,Bospg,3,failed,False,True
greedy,0,ogAf9,3,solved,True,True
greedy,0,RLzKR,3,failed,False,False
greedy,0,vfVM7,3,failed,False,True
greedy,0,445iM,3,failed,False,False
greedy,0,LOxcT,3,failed,False,True
greedy,0,Vj5H2,3,solved,True,True
greedy,0,sltiX,3,solved,True,True
greedy,0,AOJIr,3,failed,False,False
greedy,0,zl5Hb,3,solved,True,True
greedy,0,cFBRU,3,failed,False,False
greedy,0,Dy2ug,3,solved,True,True
greedy,0,YW03L,3,failed,False,True
greedy,0,NQqJh,4,failed,False,False
greedy,0,e8Osn,3,failed,False,False
greedy,0,p6non,3,solved,True,True
greedy,0,DOHY1,4,failed,False,False
greedy,0,x278u,3,solved,True,True
greedy,0,RIUDK,3,failed,False,False
greedy,0,b1h3k,3,solved,True,True
greedy,0,KCIG0,3,failed,False,True
greedy,0,yiInj,3,failed,False,False
greedy,0,LC9gO,3,failed,False,True
greedy,0,z99EA,3,failed,False,False
greedy,0,5eUmk,3,failed,False,False
greedy,0,jjfzi,3,failed,False,False
greedy,0,0XJ31,4,failed,False,False
greedy,0,N7uPV,3,failed,False,False
greedy,0,0ZH1W,3,failed,False,True
greedy,0,jFQlY,3,failed,False,True
greedy,0,PWvJK,3,failed,False,True
greedy,0,jgLWF,3,solved,True,True
greedy,0,BCSq5,3,solved,True,True
greedy,0,2mKxM,4,failed,False,True
greedy,0,4oRYZ,3,failed,False,False
greedy,0,Wp1Cn,4,failed,False,False
greedy,0,khDGK,3,failed,False,False
greedy,0,Op14G,4,failed,False,False
greedy,0,Md5iC,4,failed,False,False
greedy,0,WMdbZ,3,solved,True,True
greedy,0,ywseW,3,failed,False,False
greedy,0,GazQ0,3,failed,False,False
greedy,0,I2eYQ,4,solved,True,True
greedy,0,eewkv,3,failed,False,True
greedy,0,4S0iK,3,failed,False,False
greedy,0,Efg2U,3,solved,True,True
greedy,0,e7i5w,3,failed,False,False
greedy,0,71YRV,3,failed,False,False
greedy,0,eGeTh,4,solved,True,True
greedy,0,dl9KE,3,solved,True,True
greedy,0,88UOJ,3,failed,False,False
greedy,0,bbFP7,3,failed,False,False
greedy,0,AFUIy,3,failed,False,False
greedy,0,FqZrx,4,failed,False,True
greedy,0,kbBNS,4,failed,False,False
greedy,0,WB6zM,3,failed,False,False
greedy,0,vZ7zY,3,failed,False,False
greedy,0,di0sR,4,failed,False,False
greedy,0,1E9Li,3,failed,False,False
greedy,0,lXsPl,3,failed,False,True
greedy,0,1lhnQ,4,failed,False,True
greedy,0,1uiG1,3,solved,True,True
greedy,0,9SkdY,4,failed,False,False
greedy,0,lvtpI,3,failed,False,False
greedy,0,T1REZ,3,solved,True,True
greedy,0,lBr5N,3,failed,False,False
greedy,0,HeY76,3,solved,True,True
greedy,0,OCiiE,3,solved,True,True
greedy,0,V2rei,3,failed,False,False
greedy,0,851vO,3,failed,False,False
greedy,0,lq5fn,3,solved,True,True
greedy,0,EhtCA,3,failed,False,False
greedy,0,49Yi9,4,failed,False,True
greedy,0,Cfyfv,3,solved,True,True
greedy,0,4djFS,3,failed,False,True
greedy,0,lIPeH,4,solved,True,True
greedy,0,G7973,3,solved,True,True
greedy,0,XjrZa,3,failed,False,False
greedy,0,ArNru,3,failed,False,False
greedy,0,DAu6a,3,failed,False,False
greedy,0,7O5Kk,3,solved,True,True
greedy,0,HsnnQ,4,failed,False,False
greedy,0,rPdDn,4,failed,False,True
greedy,0,dlrqn,3,failed,False,False
greedy,0,iRWAn,3,failed,False,False
greedy,0,nuOSN,3,failed,False,False
greedy,0,epdXk,3,solved,True,True
greedy,0,9TYlG,3,failed,False,False
greedy,0,m5JSI,3,failed,False,False
greedy,0,XkVDL,3,failed,False,False
greedy,0,9890X,3,failed,False,True
greedy,0,v0SEZ,3,solved,True,True
greedy,0,AUcHC,3,failed,False,True
greedy,0,JUKuo,3,solved,True,True
greedy,0,9ilXD,3,solved,True,True
greedy,0,vxoFy,3,failed,False,False
greedy,0,zs203,3,solved,True,True
greedy,0,5nDBk,3,failed,False,False
greedy,0,HGVWh,3,solved,True,True
greedy,0,0XsiV,3,solved,True,True
greedy,0,YkbDu,3,failed,False,True
greedy,0,DtBy8,3,failed,False,False
greedy,0,bBI7e,3,failed,False,True
greedy,0,WNv6u,3,failed,False,False
greedy,0,Y2TPL,3,failed,False,False
greedy,0,iMl7b,4,failed,False,False
greedy,0,FA5iT,3,solved,True,True
greedy,0,perlM,3,failed,False,False
greedy,0,Ly9lb,3,solved,True,True
greedy,0,blky2,3,failed,False,False
greedy,0,gE7tP,3,failed,False,True
greedy,0,a0HWe,3,failed,False,True
greedy,0,ZYFzB,3,solved,True,True
greedy,0,PdX5i,3,failed,False,True
greedy,0,NkXRL,3,failed,False,False
greedy,0,sF4TW,3,failed,False,False
greedy,0,WD61j,3,failed,False,True
greedy,0,d1X3R,4,failed,False,False
greedy,0,xjO0H,3,failed,False,True
greedy,0,tXNQL,3,failed,False,False
greedy,0,1bQOi,3,failed,False,False
greedy,0,eqVBc,3,failed,False,False
greedy,0,dph7Q,3,solved,True,True
greedy,0,gr7Qu,3,failed,False,True
greedy,0,oZodX,3,failed,False,False
greedy,0,W95CJ,3,failed,False,False
greedy,0,CNET2,3,failed,False,False
greedy,0,tCmtg,3,solved,True,True
greedy,0,EULJ2,4,failed,False,True
greedy,0,ur9D8,3,solved,True,True
greedy,0,2NEIo,3,failed,False,False
greedy,0,3jfue,3,failed,False,True
greedy,0,aCh5e,3,failed,False,False
greedy,0,4rACN,3,failed,False,False
greedy,0,OFTRr,3,failed,False,False
greedy,0,JdM2P,3,failed,False,True
greedy,0,nh7lN,3,failed,False,True
greedy,0,urOFL,4,failed,False,False
greedy,0,lw3id,3,failed,False,False
greedy,0,z7AUg,3,failed,False,True
greedy,0,eWALg,3,failed,False,True
greedy,0,o3xG2,3,failed,False,True
greedy,0,1rkWO,3,failed,False,False
greedy,0,Mfozz,3,failed,False,False
greedy,0,KVs8l,4,failed,False,False
greedy,0,16P7O,4,failed,False,False
greedy,0,gFMAe,3,solved,True,True
greedy,0,qT9kN,3,failed,False,True
greedy,0,UMfMx,3,failed,False,False
greedy,0,plPCF,3,failed,False,True
greedy,0,NyUgM,3,failed,False,False
greedy,0,LfsmX,4,failed,False,True
greedy,0,xGAyN,3,failed,False,False
greedy,0,5onQQ,3,failed,False,False
greedy,0,cmlYW,4,failed,False,False
greedy,0,1RQuj,4,failed,False,False
greedy,0,oGtUi,5,failed,False,False
greedy,0,TaluB,5,solved,True,True
greedy,0,HGFAs,4,failed,False,False
greedy,0,l8p4e,4,failed,False,True
greedy,0,Kw0kB,4,failed,False,True
greedy,0,JLhoK,4,failed,False,False
greedy,0,tOWFG,4,failed,False,False
greedy,0,Wm2iA,4,failed,False,False
greedy,0,4Rs7I,4,failed,False,False
greedy,0,x2kIh,5,failed,False,False
greedy,0,eooND,5,failed,False,False
greedy,0,S0BrG,4,solved,True,True
greedy,0,N5eYD,4,solved,True,True
greedy,0,cVScr,4,solved,True,True
greedy,0,3b0ab,4,solved,True,True
greedy,0,rcVmU,4,failed,False,False
greedy,0,8H6xD,5,failed,False,False
greedy,0,X6RsA,4,failed,False,True
greedy,0,K01az,4,failed,False,False
greedy,0,TTyCt,4,failed,False,False
greedy,0,H5LFr,4,solved,True,True
greedy,0,EJJsF,4,solved,True,True
greedy,0,r7fZD,4,failed,False,False
greedy,0,jRh9f,4,failed,False,False
greedy,0,Zj61b,4,failed,False,False
greedy,0,wzIj9,5,failed,False,True
greedy,0,EVuUv,4,failed,False,False
greedy,0,KDBuW,4,failed,False,True
greedy,0,sP0g9,5,failed,False,True
greedy,0,BhJTW,4,failed,False,True
greedy,0,cTtGs,4,failed,False,False
greedy,0,H6u5Q,4,failed,False,False
greedy,0,NgmMM,4,failed,False,True
greedy,0,DldpV,4,failed,False,False
greedy,0,VSu8T,4,failed,False,False
greedy,0,NqvFO,4,failed,False,False
greedy,0,a3Ccn,5,failed,False,False
greedy,0,wnkCb,5,failed,False,True
greedy,0,YEHBD,4,failed,False,False
greedy,0,eQyPB,4,failed,False,True
greedy,0,LZKsm,4,failed,False,False
greedy,0,A4UDP,5,failed,False,False
greedy,0,CjnZA,4,failed,False,True
greedy,0,3NzHL,4,failed,False,False
greedy,0,HYNLQ,4,solved,True,True
greedy,0,DAh4p,4,failed,False,False
greedy,0,r0or7,4,failed,False,False
greedy,0,G7tBT,4,failed,False,True
greedy,0,haIz7,4,solved,True,True
greedy,0,d3NsE,4,failed,False,False
greedy,0,n0oV8,4,solved,True,True
greedy,0,CvUW8,4,solved,True,True
greedy,0,H5Y2Z,4,failed,False,False
greedy,0,4n06s,4,solved,True,True
greedy,0,faRdB,4,solved,True,True
greedy,0,3bBWE,5,failed,False,False
greedy,0,SyMTK,4,failed,False,False
greedy,0,10bVz,5,failed,False,False
greedy,0,wVzSB,4,failed,False,False
greedy,0,Rea07,4,failed,False,True
greedy,0,epkt9,5,failed,False,False
greedy,0,RkedQ,5,failed,False,False
greedy,0,20bky,4,failed,False,True
greedy,0,kMpLK,4,failed,False,True
greedy,0,9gpYC,4,failed,False,False
greedy,0,YRMlO,4,failed,False,True
greedy,0,0rD7x,4,failed,False,False
greedy,0,7fdKB,4,failed,False,True
greedy,0,3ADlb,4,failed,False,False
greedy,0,o3wmJ,4,failed,False,False
greedy,0,JctYE,4,failed,False,True
greedy,0,xYz0q,4,failed,False,False
greedy,0,IKL47,4,failed,False,False
greedy,0,0306X,4,failed,False,False
greedy,0,X9Ftx,4,failed,False,False
greedy,0,lUzRZ,4,failed,False,False
greedy,0,ctUGE,4,failed,False,True
greedy,0,mq3ia,4,failed,False,False
greedy,0,AAo8r,4,solved,True,True
greedy,0,xO0AU,4,failed,False,False
greedy,0,QglcD,4,failed,False,False
greedy,0,JqYEl,4,failed,False,False
greedy,0,vb3lj,4,failed,False,False
greedy,0,R8N0W,4,failed,False,False
greedy,0,rCfW6,4,failed,False,True
greedy,0,i7vfL,4,failed,False,False
greedy,0,YB4GB,4,failed,False,True
greedy,0,sXcAN,4,solved,True,True
greedy,0,6KiPI,4,solved,True,True
greedy,0,SIfeb,4,failed,False,True
greedy,0,Tg5lg,4,failed,False,False
greedy,0,UBqMu,4,failed,False,False
greedy,0,RAgub,5,failed,False,False
greedy,0,9JyNV,4,failed,False,True
greedy,0,BO9nf,4,failed,False,False
greedy,0,MBXkW,4,failed,False,True
greedy,0,XF4dJ,4,failed,False,True
greedy,0,bPaZR,5,failed,False,False
greedy,0,ChUtd,4,failed,False,True
greedy,0,ZRij9,4,failed,False,False
greedy,0,QTPqa,5,failed,False,False
greedy,0,IrFba,4,solved,True,True
greedy,0,03CZE,4,failed,False,True
greedy,0,YvUnq,4,failed,False,False
greedy,0,rxcNQ,4,failed,False,False
greedy,0,wyffn,4,failed,False,False
greedy,0,RRjnl,4,failed,False,False
greedy,0,3aNqS,4,solved,True,True
greedy,0,wg4LL,4,failed,False,False
greedy,0,pSHsU,4,failed,False,True
greedy,0,EmJVq,4,failed,False,True
greedy,0,L43X4,5,solved,True,True
greedy,0,TVwpx,5,failed,False,False
greedy,0,qUHE0,5,failed,False,True
greedy,0,lDQlx,4,failed,False,False
greedy,0,navmb,4,failed,False,True
greedy,0,WlWa2,4,solved,True,True
greedy,0,EhhrH,4,failed,False,False
greedy,0,9HdRF,4,solved,True,True
greedy,0,rmy5O,4,solved,True,True
greedy,0,DxtiN,4,failed,False,True
greedy,0,AyPHY,4,failed,False,True
greedy,0,TDhM5,4,failed,False,False
greedy,0,iwPGB,4,solved,True,True
greedy,0,frvMh,4,failed,False,False
greedy,0,UCem1,4,failed,False,True
greedy,0,dqX1c,4,failed,False,True
greedy,0,Q2O0t,4,failed,False,False
greedy,0,nbKQm,4,failed,False,False
greedy,0,Bpycp,4,failed,False,False
greedy,0,6mQX4,4,solved,True,True
greedy,0,fFEqQ,5,failed,False,False
greedy,0,hGgEA,4,solved,True,True
greedy,0,bCKKu,4,failed,False,False
greedy,0,bPqPV,4,failed,False,False
greedy,0,zHWds,4,failed,False,False
greedy,0,9gfca,4,failed,False,False
greedy,0,GSGmi,4,failed,False,True
greedy,0,LffW0,4,failed,False,False
greedy,0,y59Dl,4,failed,False,False
greedy,0,R9rJu,4,failed,False,True
greedy,0,XTzgz,4,failed,False,False
greedy,0,qJcSs,4,failed,False,False
greedy,0,lNje2,4,solved,True,True
greedy,0,S2Wzk,4,failed,False,True
greedy,0,Lj2rB,4,solved,True,True
greedy,0,Zav7V,4,failed,False,True
greedy,0,VkYtg,4,solved,True,True
greedy,0,lRpfQ,4,failed,False,True
greedy,0,SWmZR,4,failed,False,False
greedy,0,3GqYo,5,failed,False,False
greedy,0,SFdWT,4,failed,False,False
greedy,0,ckmOr,4,failed,False,False
greedy,0,13GNC,5,failed,False,False
greedy,0,eks8o,4,solved,True,True
greedy,0,SGKIc,4,failed,False,True
greedy,0,ofvgi,4,failed,False,True
greedy,0,FjFUR,4,failed,False,True
greedy,0,v7okF,4,failed,False,False
greedy,0,nwYuU,4,failed,False,True
greedy,0,ehs1l,4,solved,True,True
greedy,0,te6WQ,4,failed,False,False
greedy,0,ydK9T,5,failed,False,True
greedy,0,d5mtE,4,solved,True,True
greedy,0,BSKIV,4,failed,False,True
greedy,0,KzaW7,4,failed,False,False
greedy,0,6molv,4,failed,False,False
greedy,0,mRvyG,4,failed,False,False
greedy,0,aX79S,4,failed,False,False
greedy,0,1lxvG,4,failed,False,False
greedy,0,rKZet,4,solved,True,True
greedy,0,KGC5O,4,failed,False,True
greedy,0,r7D8Q,4,failed,False,False
greedy,0,thO1D,4,failed,False,False
greedy,0,vQeWI,4,failed,False,True
greedy,0,tEa4B,4,failed,False,True
greedy,0,Z83eu,4,failed,False,True
greedy,0,JUMSE,4,failed,False,True
greedy,0,NVUXz,4,solved,True,True
greedy,0,CZppM,4,solved,True,True
greedy,0,R5Pr1,4,failed,False,True
greedy,0,R23XZ,4,failed,False,True
greedy,0,2jYX5,4,failed,False,True
greedy,0,qCO74,4,failed,False,False
greedy,0,GwQJZ,5,failed,False,False
greedy,0,RJsfa,4,failed,False,False
greedy,0,t2fbr,4,solved,True,True
greedy,0,XFPHh,4,failed,False,False
greedy,0,Nyf8z,4,failed,False,False
greedy,0,OSZvG,4,failed,False,False
greedy,0,SlAsE,5,failed,False,False
greedy,0,1755Q,4,failed,False,True
greedy,0,SLAwI,4,failed,False,True
greedy,0,NTcZB,5,failed,False,True
greedy,0,QIrX9,4,failed,False,True
greedy,0,sNkQ4,4,failed,False,True
greedy,0,iWwLs,4,failed,False,True
greedy,0,ripDa,4,solved,True,True
greedy,0,U39nw,4,failed,False,True
greedy,0,vTDeI,4,failed,False,False
greedy,0,pLClq,4,failed,False,True
greedy,0,k0a0N,4,failed,False,True
greedy,0,5VpR0,4,failed,False,False
greedy,0,rXzve,4,failed,False,False
greedy,0,qkdj5,4,solved,True,True
greedy,0,aehlj,4,solved,True,True
greedy,0,cLJ2Y,4,failed,False,True
greedy,0,iIrNE,5,failed,False,True
greedy,0,EZ52V,4,failed,False,False
greedy,0,aNtI8,4,failed,False,True
greedy,0,TIbIM,5,failed,False,True
greedy,0,Hwy5O,4,failed,False,False
greedy,0,YABfN,4,failed,False,False
greedy,0,ZTlcV,4,failed,False,True
greedy,0,bF5s4,4,failed,False,True
greedy,0,ygKA1,4,solved,True,True
greedy,0,9tZwZ,4,failed,False,False
greedy,0,Uc1Ym,4,solved,True,True
greedy,0,BOqve,5,failed,False,True
greedy,0,4gC8A,4,failed,False,False
greedy,0,FLsj1,4,failed,False,False
greedy,0,kYosg,4,failed,False,True
greedy,0,w17mH,4,failed,False,True
greedy,0,Z7xEU,4,failed,False,False
greedy,0,abnJL,4,failed,False,True
greedy,0,BkHlF,5,failed,False,True
greedy,0,UZ1XA,4,solved,True,True
greedy,0,0KzLJ,4,failed,False,False
greedy,0,lNXwT,4,failed,False,False
greedy,0,xHggV,4,failed,False,True
greedy,0,VW5A4,4,failed,False,True
greedy,0,pkJ54,5,failed,False,False
greedy,0,b0xJg,4,failed,False,True
greedy,0,ZMk9g,4,failed,False,False
greedy,0,JguGt,4,solved,True,True
greedy,0,vAmBy,5,failed,False,False
greedy,0,mzeG1,4,failed,False,False
greedy,0,Klpjh,4,failed,False,False
greedy,0,7v2pJ,4,solved,True,True
greedy,0,Ia0fu,4,failed,False,False
greedy,0,Pt23e,4,failed,False,False
greedy,0,gN73A,5,failed,False,True
greedy,0,yTG39,4,failed,False,True
greedy,0,uNnW4,4,solved,True,True
greedy,0,3P4aK,4,failed,False,False
greedy,0,hB8FR,4,solved,True,True
greedy,0,zIyZL,4,failed,False,True
greedy,0,BNRnZ,4,failed,False,False
greedy,0,dvDnD,4,solved,True,True
greedy,0,ZibI6,4,failed,False,True
greedy,0,NRfub,4,solved,True,True
greedy,0,lfZrQ,4,failed,False,False
greedy,0,1swa6,5,failed,False,True
greedy,0,XvM9l,4,failed,False,False
greedy,0,r1iUw,4,failed,False,False
greedy,0,M8rDN,4,failed,False,False
greedy,0,8QI1N,4,failed,False,False
greedy,0,BADLU,4,failed,False,False
greedy,0,xLhHl,4,failed,False,False
greedy,0,htgKx,4,failed,False,True
greedy,0,LMUVM,4,failed,False,False
greedy,0,NBJY1,4,failed,False,False
greedy,0,ra10c,4,failed,False,True
greedy,0,dKdbs,4,failed,False,False
greedy,0,p3RTh,4,failed,False,False
greedy,0,HiRHN,4,failed,False,False
greedy,0,7vJFd,4,failed,False,False
greedy,0,Ud3yF,4,failed,False,False
greedy,0,CfwMA,5,failed,False,False
greedy,0,qSxmF,4,solved,True,True
greedy,0,rEUbZ,4,failed,False,True
greedy,0,dLjWe,4,failed,False,False
greedy,0,A3ucE,4,failed,False,True
greedy,0,kQd6f,4,solved,True,True
greedy,0,c6hA0,4,solved,True,True
greedy,0,C09Al,4,failed,False,False
greedy,0,mMxoZ,4,failed,False,False
greedy,0,zhiqo,4,solved,True,True
greedy,0,hmNOF,4,failed,False,False
greedy,0,F9AtD,5,failed,False,False
greedy,0,jZSNF,5,failed,False,False
greedy,0,aqt4y,5,failed,False,True
greedy,0,hGPl0,5,failed,False,True
greedy,0,nZ1wl,5,failed,False,False
greedy,0,x2cO6,5,failed,False,True
greedy,0,13qoZ,5,failed,False,True
greedy,0,bejqV,5,failed,False,False
greedy,0,gysZN,5,failed,False,False
greedy,0,KcLdf,5,failed,False,False
greedy,0,Sj5PL,5,solved,True,True
greedy,0,9d05D,5,failed,False,True
greedy,0,tm4c9,5,failed,False,False
greedy,0,INUWE,5,failed,False,False
greedy,0,lbYYf,5,failed,False,False
greedy,0,t1dL2,5,failed,False,False
greedy,0,LkIYK,5,failed,False,True
greedy,0,Y4Y6t,5,failed,False,False
greedy,0,91KQs,5,failed,False,False
greedy,0,0CYaa,5,failed,False,True
greedy,0,wZWPs,5,failed,False,False
greedy,0,uSzIy,5,failed,False,False
greedy,0,mLGJu,5,failed,False,False
greedy,0,Z4xKn,5,failed,False,True
greedy,0,M8AGJ,5,failed,False,False
greedy,0,H99Xx,5,failed,False,True
greedy,0,tSJ5x,5,failed,False,True
greedy,0,5QhCb,5,failed,False,False
greedy,0,BEbnT,5,failed,False,False
greedy,0,8w26u,5,failed,False,False
greedy,0,fjcH6,5,failed,False,False
greedy,0,bN81B,5,failed,False,True
greedy,0,8eA8t,5,failed,False,False
greedy,0,Xgfa1,5,failed,False,False
greedy,0,9jjpc,5,failed,False,True
greedy,0,PpHU1,5,failed,False,False
greedy,0,f6JCI,5,failed,False,True
greedy,0,NyVHG,5,failed,False,True
greedy,0,laSoq,5,failed,False,False
greedy,0,57meS,5,failed,False,True
greedy,0,3iqEX,5,failed,False,True
greedy,0,S2vng,5,failed,False,False
greedy,0,LIhXS,5,failed,False,False
greedy,0,LWIrl,5,failed,False,True
greedy,0,UocrA,5,failed,False,False
greedy,0,aFgpt,5,failed,False,False
greedy,0,iiQLi,5,failed,False,True
greedy,0,qefz1,5,failed,False,False
greedy,0,klux9,5,failed,False,False
greedy,0,in0DY,5,failed,False,False
greedy,0,1dLBs,5,failed,False,False
greedy,0,DEa6t,5,failed,False,True
greedy,0,XWp70,5,solved,True,True
greedy,0,Ff9ij,5,failed,False,True
greedy,0,e2I1J,5,failed,False,False
greedy,0,OxaTE,5,failed,False,True
greedy,0,61Tza,5,failed,False,True
greedy,0,7Tvo2,5,failed,False,False
greedy,0,t0k2I,5,failed,False,True
greedy,0,33yNm,5,failed,False,False
greedy,0,RmXqC,5,failed,False,False
greedy,0,1JlV1,5,failed,False,True
greedy,0,G5CVQ,5,failed,False,False
greedy,0,gX5lj,5,failed,False,False
greedy,0,wMLax,5,failed,False,True
greedy,0,yKDWu,5,solved,True,True
greedy,0,a04VG,5,failed,False,False
greedy,0,mN4Bf,5,failed,False,False
greedy,0,lWqQA,5,failed,False,False
greedy,0,Mx4wp,5,failed,False,False
greedy,0,eBBm6,5,failed,False,True
greedy,0,hPYO8,5,failed,False,False
greedy,0,55XNq,5,failed,False,True
greedy,0,C6cQC,5,failed,False,True
greedy,0,TcdQg,5,failed,False,False
greedy,0,Z3UHV,5,failed,False,False
greedy,0,xw7Dv,5,failed,False,False
greedy,0,U67bD,5,failed,False,True
greedy,0,8lKFD,5,failed,False,False
greedy,0,mVE37,5,failed,False,False
greedy,0,T8KSQ,5,failed,False,True
greedy,0,y4QNr,5,failed,False,True
greedy,0,XPX1f,5,failed,False,True
greedy,0,BvypN,5,failed,False,False
greedy,0,MtQzL,5,failed,False,False
greedy,0,DRRge,5,failed,False,True
greedy,0,0TDcA,5,failed,False,False
greedy,0,i9oTw,5,failed,False,True
greedy,0,NxTqy,5,failed,False,True
greedy,0,K7qyp,5,failed,False,True
greedy,0,H6vzK,5,solved,True,True
greedy,0,SZ2q3,5,failed,False,False
greedy,0,0CbHm,5,failed,False,True
greedy,0,MrbfS,5,failed,False,False
greedy,0,2qNag,5,failed,False,True
greedy,0,Yxy1D,5,failed,False,False
greedy,0,9NxUO,5,failed,False,False
greedy,0,YcqHj,5,failed,False,True
greedy,0,fI74U,5,failed,False,False
greedy,0,5XaER,5,failed,False,False
greedy,0,euP7A,5,solved,True,True
greedy,0,tMD2S,5,failed,False,False
greedy,0,X9AlZ,5,failed,False,False
greedy,0,njaH6,5,failed,False,True
greedy,0,SgS1S,5,solved,True,True
greedy,0,WEFzE,5,failed,False,False
greedy,0,3hWrt,5,failed,False,False
greedy,0,mJzIB,5,failed,False,True
greedy,0,lW83D,5,failed,False,True
greedy,0,RZrBB,5,failed,False,False
greedy,0,WnrOE,5,failed,False,False
greedy,0,Af0Kt,5,failed,False,False
greedy,0,IFnYq,5,failed,False,False
greedy,0,xGFTN,5,failed,False,True
greedy,0,7VFVW,5,failed,False,False
greedy,0,QaHho,5,failed,False,False
greedy,0,HDBSs,5,failed,False,True
greedy,0,BVO6o,5,failed,False,False
greedy,0,3Ekrz,5,failed,False,True
greedy,0,5uHu6,5,failed,False,True
greedy,0,SsOsw,5,failed,False,False
greedy,0,7calb,5,solved,True,True
greedy,0,hzz2R,5,failed,False,False
greedy,0,LuAg6,5,failed,False,False
greedy,0,GZ2A0,5,failed,False,False
greedy,0,ApRxi,5,failed,False,False
greedy,0,kfA5W,5,failed,False,True
greedy,0,veA7y,5,failed,False,False
greedy,0,wFsKv,5,failed,False,True
greedy,0,6ZJx1,5,failed,False,False
greedy,0,IP2aZ,5,failed,False,False
greedy,0,CitXu,5,failed,False,True
greedy,0,cSzwm,5,failed,False,False
greedy,0,rFVHs,5,failed,False,False
greedy,0,OQZ84,5,failed,False,False
greedy,0,97S6K,5,failed,False,True
greedy,0,FojuG,5,solved,True,True
greedy,0,YGsIr,5,failed,False,True
greedy,0,PsUTK,5,failed,False,True
greedy,0,gnJ8m,5,failed,False,False
greedy,0,kLCcO,5,failed,False,False
greedy,0,obzzO,5,failed,False,False
greedy,0,yBlVm,5,failed,False,True
greedy,0,KkOil,5,failed,False,True
greedy,0,pRMlF,5,failed,False,True
greedy,0,nmrxb,5,failed,False,True
greedy,0,LYDzo,5,failed,False,False
greedy,0,xl4O5,5,failed,False,True
greedy,0,aNzCr,5,failed,False,True
greedy,0,PwUXS,5,failed,False,False
greedy,0,cvzLh,5,failed,False,False
greedy,0,cKI0l,5,failed,False,False
greedy,0,LhQlK,5,failed,False,False
greedy,0,xIH8c,5,failed,False,False
greedy,0,9IWo3,5,failed,False,False
greedy,0,wxhog,5,failed,False,False
greedy,0,I2Z1W,5,failed,False,False
greedy,0,omdGx,5,failed,False,True
greedy,0,X5eEt,5,failed,False,True
greedy,0,3B2ft,5,failed,False,True
greedy,0,PYP9f,5,failed,False,False
greedy,0,TyGDz,5,failed,False,True
greedy,0,8I95K,5,failed,False,True
greedy,0,4sMLN,5,failed,False,False
greedy,0,SViB2,5,failed,False,True
greedy,0,u6Nm7,5,failed,False,False
greedy,0,rx3CA,5,solved,True,True
greedy,0,9XPZz,5,failed,False,True
greedy,0,AEMJD,5,failed,False,True
greedy,0,XA2eK,5,failed,False,False
greedy,0,N5Gcd,5,failed,False,False
greedy,0,oUdNx,5,solved,True,True
greedy,0,JUk12,5,failed,False,True
greedy,0,N4hGv,5,failed,False,True
greedy,0,o8GJt,5,failed,False,False
greedy,0,e0Ims,5,failed,False,True
greedy,0,6IHi0,5,failed,False,True
greedy,0,d3Nub,5,failed,False,False
greedy,0,bGWnQ,5,failed,False,True
greedy,0,XXnHB,5,solved,True,True
greedy,0,ysMWx,5,failed,False,True
greedy,0,BdBWT,5,failed,False,True
greedy,0,KID1i,5,failed,False,True
greedy,0,5hFUV,5,failed,False,False
greedy,0,WgCFR,5,failed,False,False
greedy,0,gEbkY,5,failed,False,False
greedy,0,jSwtC,5,solved,True,True
greedy,0,ZbdA5,5,failed,False,False
greedy,0,UM60x,5,failed,False,True
greedy,0,VHLmb,5,failed,False,False
greedy,0,JOEK6,5,failed,False,True
greedy,0,5TqPW,5,failed,False,False
greedy,0,LWoJx,5,failed,False,True
greedy,0,7FvPL,5,failed,False,True
greedy,0,G7QVH,5,failed,False,True
greedy,0,sJe6o,5,failed,False,False
greedy,0,Ee48r,5,failed,False,False
greedy,0,Y8WK9,5,failed,False,False
greedy,0,B2ZCj,5,failed,False,True
greedy,0,sm1C1,5,failed,False,False
greedy,0,Yg3ZH,5,failed,False,True
greedy,0,g98bi,5,failed,False,True
greedy,0,lPSHz,5,failed,False,False
greedy,0,UDHjt,5,failed,False,False
greedy,0,dZrPH,5,failed,False,True
greedy,0,eHHNc,5,failed,False,True
greedy,0,7NV69,5,failed,False,False
greedy,0,9En7w,5,failed,False,False
greedy,0,KiNcJ,5,failed,False,True
greedy,0,cHUb8,5,failed,False,True
greedy,0,gD4i0,5,failed,False,False
greedy,0,64uIK,5,failed,False,False
greedy,0,4mne6,5,failed,False,True
greedy,0,7eMrg,5,failed,False,False
greedy,0,tfUlD,5,failed,False,False
greedy,0,lz2lh,5,solved,True,True
greedy,0,66iky,5,failed,False,True
greedy,0,6ibzT,5,solved,True,True
greedy,0,LI2iZ,5,failed,False,False
greedy,0,nsUOv,5,failed,False,True
greedy,0,YSVNq,5,failed,False,False
greedy,0,XBii0,5,failed,False,False
greedy,0,J92G1,5,solved,True,True
greedy,0,tBJwL,5,failed,False,False
greedy,0,lceeZ,5,failed,False,False
greedy,0,pwU1U,5,failed,False,True
greedy,0,pgzZe,5,failed,False,False
greedy,0,5txLd,5,failed,False,False
greedy,0,fF00p,5,failed,False,False
greedy,0,bg5vX,5,failed,False,True
greedy,0,6tcFH,5,failed,False,False
greedy,0,lIjJV,5,solved,True,True
greedy,0,hfqzY,5,failed,False,False
greedy,0,cl4DD,5,failed,False,False
greedy,0,jK0K6,5,failed,False,True
greedy,0,1GsHc,5,failed,False,False
greedy,0,68kEb,5,failed,False,False
greedy,0,a2TxH,5,failed,False,False
greedy,0,oGteV,5,failed,False,True
greedy,0,fgmvL,5,failed,False,False
greedy,0,CJfNH,5,failed,False,False
greedy,0,udngN,5,failed,False,True
greedy,0,9OsFv,5,failed,False,False
greedy,0,ZWh6M,5,failed,False,False
greedy,0,S5t5i,5,failed,False,False
greedy,0,9sdNR,5,failed,False,True
greedy,0,gd7im,5,failed,False,True
greedy,0,J9RCx,5,failed,False,True
greedy,0,lNIgU,5,failed,False,True
greedy,0,q6Dtk,5,failed,False,True
greedy,0,rH6fk,5,failed,False,False
greedy,0,FAK7x,5,failed,False,True
greedy,0,VvuYG,5,failed,False,True
greedy,0,fXuxP,5,failed,False,False
greedy,0,6jXzx,5,failed,False,False
greedy,0,VMYh0,5,failed,False,False
greedy,0,sEI2f,5,failed,False,False
greedy,0,Lf1ix,5,failed,False,True
